Workbook

Sheet Sheet1
A1: Camera | B1: Site | C1: Location | D1: # of species | E1: # of exclusive species | F1: # of total records | G1: # of exclusive records | H1: Total/10 days | I1: Exclusive/10 days | J1: Empty videos | K1: Cost/record (EUR) | L1: Effort | M1: # of occupied videos
A2: CT_A | B2: DT | C2: Inland | D2: 2 | E2: 0 | F2: 28 | G2: 18 | H2: =(F2/L2)*10 -> 8.4848485 | I2: =(G2/L2)*10 -> 5.4545455 | J2: 11 | K2: =Sheet2!A2/F2 -> 3.61 | L2: 33 | M2: 19
A3: CT_S | B3: DT | C3: Inland | D3: 3 | E3: 1 | F3: 20 | G3: 8 | H3: =(F3/L3)*10 -> 6.0606061 | I3: =(G3/L3)*10 -> 2.4242424 | J3: 3 | K3: =Sheet2!B2/F3 -> 11.9135 | L3: 33 | M3: 17
A4: CT_A | B4: DT | C4: Shore | D4: 4 | E4: 3 | F4: 30 | G4: 10 | H4: =(F4/L4)*10 -> 13.636364 | I4: =(G4/L4)*10 -> 4.5454545 | J4: 11 | K4: =Sheet2!A2/F4 -> 3.3693333 | L4: 22 | M4: 45
A5: CT_S | B5: DT | C5: Shore | D5: 3 | E5: 2 | F5: 88 | G5: 65 | H5: =(F5/L5)*10 -> 26.666667 | I5: =(G5/L5)*10 -> 19.69697 | J5: 3 | K5: =Sheet2!B2/F5 -> 2.7076136 | L5: 33 | M5: 60
A6: CT_A | B6: DI | C6: Inland | D6: 2 | E6: 1 | F6: 5 | G6: 1 | H6: =(F6/L6)*10 -> 2.6315789 | I6: =(G6/L6)*10 -> 0.52631579 | J6: 6 | K6: =Sheet2!A2/F6 -> 20.216 | L6: 19 | M6: 31
A7: CT_S | B7: DI | C7: Inland | D7: 1 | E7: 0 | F7: 38 | G7: 34 | H7: =(F7/L7)*10 -> 12.258065 | I7: =(G7/L7)*10 -> 10.967742 | J7: 1 | K7: =Sheet2!B2/F7 -> 6.2702632 | L7: 31 | M7: 57
A8: CT_A | B8: DI | C8: Shore | D8: 4 | E8: 3 | F8: 48 | G8: 34 | H8: =(F8/L8)*10 -> 15.483871 | I8: =(G8/L8)*10 -> 10.967742 | J8: 18 | K8: =Sheet2!A2/F8 -> 2.1058333 | L8: 31 | M8: 98
A9: CT_S | B9: DI | C9: Shore | D9: 1 | E9: 0 | F9: 20 | G9: 6 | H9: =(F9/L9)*10 -> 6.4516129 | I9: =(G9/L9)*10 -> 1.9354839 | J9: 1 | K9: =Sheet2!B2/F9 -> 11.9135 | L9: 31 | M9: 27
A10: CT_A | B10: BW | C10: Inland | D10: 1 | E10: 3 | F10: 10 | G10: 5 | H10: =(F10/L10)*10 -> 3.3333333 | I10: =(G10/L10)*10 -> 1.6666667 | J10: 28 | K10: =Sheet2!A2/F10 -> 10.108 | L10: 30 | M10: 11
A11: CT_S | B11: BW | C11: Inland | D11: 3 | E11: 0 | F11: 22 | G11: 0 | H11: =(F11/L11)*10 -> 7.3333333 | I11: =(G11/L11)*10 -> 0 | J11: 2 | K11: =Sheet2!B2/F11 -> 10.830455 | L11: 30 | M11: 21
A12: CT_A | B12: BW | C12: Shore | D12: 3 | E12: 0 | F12: 5 | G12: 4 | H12: =(F12/L12)*10 -> 1.6666667 | I12: =(G12/L12)*10 -> 1.3333333 | J12: 1208 | K12: =Sheet2!A2/F12 -> 20.216 | L12: 30 | M12: 14
A13: CT_S | B13: BW | C13: Shore | D13: 0 | E13: 2 | F13: 0 | G13: 16 | H13: =(F13/L13)*10 -> 0 | I13: =(G13/L13)*10 -> 5.3333333 | J13: 9 | K13: NA | L13: 30 | M13: 0
A14: CT_A | B14: VL | C14: Inland | D14: 6 | E14: 4 | F14: 29 | G14: 25 | H14: =(F14/L14)*10 -> 13.809524 | I14: =(G14/L14)*10 -> 11.904762 | J14: 3773 | K14: =Sheet2!A2/F14 -> 3.4855172 | L14: 21 | M14: 52
A15: CT_S | B15: VL | C15: Inland | D15: 3 | E15: 2 | F15: 8 | G15: 3 | H15: =(F15/L15)*10 -> 3.8095238 | I15: =(G15/L15)*10 -> 1.4285714 | J15: 4 | K15: =Sheet2!B2/F15 -> 29.78375 | L15: 21 | M15: 28
A16: CT_A | B16: VL | C16: Shore | D16: 2 | E16: 1 | F16: 26 | G16: 4 | H16: =(F16/L16)*10 -> 8.9655172 | I16: =(G16/L16)*10 -> 1.3793103 | J16: 938 | K16: =Sheet2!A2/F16 -> 3.8876923 | L16: 29 | M16: 39
A17: CT_S | B17: VL | C17: Shore | D17: 4 | E17: 4 | F17: 89 | G17: 69 | H17: =(F17/L17)*10 -> 30.689655 | I17: =(G17/L17)*10 -> 23.793103 | J17: 2 | K17: =Sheet2!B2/F17 -> 2.677191 | L17: 29 | M17: 55
A18: CT_A | B18: NI | C18: Inland | D18: 2 | E18: 1 | F18: 13 | G18: 7 | H18: =(F18/L18)*10 -> 4.3333333 | I18: =(G18/L18)*10 -> 2.3333333 | J18: 21 | K18: =Sheet2!A2/F18 -> 7.7753846 | L18: 30 | M18: 26
A19: CT_S | B19: NI | C19: Inland | D19: 2 | E19: 1 | F19: 33 | G19: 27 | H19: =(F19/L19)*10 -> 11 | I19: =(G19/L19)*10 -> 9 | J19: 5 | K19: =Sheet2!B2/F19 -> 7.220303 | L19: 30 | M19: 47
A20: CT_A | B20: NI | C20: Shore | D20: 1 | E20: 1 | F20: 4 | G20: 4 | H20: =(F20/L20)*10 -> 1.3333333 | I20: =(G20/L20)*10 -> 1.3333333 | J20: 430 | K20: =Sheet2!A2/F20 -> 25.27 | L20: 30 | M20: 4
A21: CT_S | B21: NI | C21: Shore | D21: 0 | E21: 0 | F21: 0 | G21: 0 | H21: =(F21/L21)*10 -> 0 | I21: =(G21/L21)*10 -> 0 | J21: 311 | K21: NA | L21: 30 | M21: 0
A22: PC | B22: DT | C22: Inland | F22: 19 | H22: =(F22/L22)*10 -> 6.3333333 | K22: 4.36 | L22: 30
A23: PC | B23: DT | C23: Shore | F23: 31 | H23: =(F23/L23)*10 -> 10.333333 | K23: =82.89/F23 -> 2.673871 | L23: 30
A24: PC | B24: DI | C24: Inland | F24: 9 | H24: =(F24/L24)*10 -> 3 | K24: =82.89/F24 -> 9.21 | L24: 30
A25: PC | B25: DI | C25: Shore | F25: 11 | H25: =(F25/L25)*10 -> 3.6666667 | K25: =82.89/F25 -> 7.5354545 | L25: 30
A26: PC | B26: BW | C26: Inland | F26: 10 | H26: =(F26/L26)*10 -> 3.3333333 | K26: =82.89/F26 -> 8.289 | L26: 30
A27: PC | B27: BW | C27: Shore | F27: 27 | H27: =(F27/L27)*10 -> 9 | K27: =82.89/F27 -> 3.07 | L27: 30 | O27: =AVERAGE(K2,K4,K6,K8,K10,K12,K14,K16,K18,K20) -> 10.004376
A28: PC | B28: VL | C28: Inland | F28: 49 | H28: =(F28/L28)*10 -> 16.333333 | K28: =82.89/F28 -> 1.6916327 | L28: 30
A29: PC | B29: VL | C29: Shore | F29: 9 | H29: =(F29/L29)*10 -> 3 | K29: =82.89/F29 -> 9.21 | L29: 30 | O29: =AVERAGE(K3,K5,K7,K9,K11,K15,K17,K19) -> 10.414572
A30: PC | B30: NI | C30: Inland | F30: 9 | H30: =(F30/L30)*10 -> 3 | K30: =82.89/F30 -> 9.21 | L30: 30
A31: PC | B31: NI | C31: Shore | F31: 19 | H31: =(F31/L31)*10 -> 6.3333333 | K31: =82.89/F31 -> 4.3626316 | L31: 30
A32: CT_A | F32: =SUM(F2,F4,F6,F8,F10,F12,F14,F16,F18,F20) -> 198 | G32: =SUM(G2,G4,G6,G8,G10,G12,G14,G16,G18,G20) -> 112 | H32: =(F32/L32)*10 -> 7.2 | I32: =(G32/L32)*10 -> 4.0727273 | J32: =SUM(J2,J4,J6,J8,J10,J12,J14,J16,J18,J20) -> 6444 | K32: 5.13 | L32: =SUM(L2,L4,L6,L8,L10,L12,L14,L16,L18,L20) -> 275 | M32: =SUM(M2,M4,M6,M8,M10,M12,M14,M16,M18,M20) -> 339
A33: CT_S | F33: =SUM(F3,F5,F7,F9,F11,F13,F15,F17,F19,F21) -> 318 | G33: =SUM(G3,G5,G7,G9,G11,G13,G15,G17,G19,G21) -> 228 | H33: =(F33/L33)*10 -> 10.671141 | I33: =(G33/L33)*10 -> 7.6510067 | J33: =SUM(J3,J5,J7,J9,J11,J13,J15,J17,J19,J21) -> 341 | K33: 7.49 | L33: =SUM(L3,L5,L7,L9,L11,L13,L15,L17,L19,L21) -> 298 | M33: =SUM(M3,M5,M7,M9,M11,M13,M15,M17,M19,M21) -> 312
A34: PC | F34: =SUM(F22:F31) -> 193 | K34: =711.83/F34 -> 3.6882383
E36: SD CT_B | F36: =_xlfn.STDEV.S(F2,F4,F6,F8,F10,F12,F14,F16,F18,F20) -> 14.604413 | M36: Seconds | N36: Minutes | O36: Hours
E37: SD CT_S | F37: =_xlfn.STDEV.S(F3,F5,F7,F9,F11,F13,F15,F17,F19,F21) -> 32.375574 | L37: CT_A Occupied | M37: =M32*10 -> 3390 | N37: =M37/60 -> 56.5 | O37: =N37/60 -> 0.94166667
L38: CT_A Empty | M38: =J32*10 -> 64440 | N38: =M38/60 -> 1074 | O38: =N38/60 -> 17.9
L39: CT_S Occupied | M39: =M33*10 -> 3120 | N39: =M39/60 -> 52 | O39: =N39/60 -> 0.86666667
L40: CT_S Empty | M40: =J33*10 -> 3410 | N40: =M40/60 -> 56.833333 | O40: =N40/60 -> 0.94722222
L42: =_xlfn.STDEV.S(L2:L31) -> 3.4972896

Sheet Sheet2
A1: CT_A Cost per cam | B1: CT_S cost per cam
A2: 101.08 | B2: 238.27
A3: 1010.75 | B3: 2382.69

Sheet Emptyvsoccupied
B1: Empty | C1: Occupied | D1: Total
A2: CT_A | B2: 6444 | C2: 339 | D2: 6783
A3: CT_S | B3: 341 | C3: 312 | D3: 653
A4: Total | B4: 6785 | C4: 651
